{"cameraMode":{"drawMode":0,"name":"Shaded","section":"Shading Mode"},"sceneLighting":false,"audioPlay":false,"sceneViewState":{"m_AlwaysRefresh":false,"showFog":true,"showSkybox":false,"showFlares":true,"showImageEffects":true,"showParticleSystems":true,"showVisualEffectGraphs":true,"m_FxEnabled":true},"in2DMode":false,"pivot":{"x":0.08029627799987793,"y":0.022541046142578126,"z":0.03902558982372284},"rotation":{"x":0.0020602045115083458,"y":0.9979385733604431,"z":0.04612819477915764,"w":-0.04463619366288185},"size":10.219409942626954,"orthographic":false}