{"cameraMode":{"drawMode":0,"name":"Shaded","section":"Shading Mode"},"sceneLighting":false,"audioPlay":false,"sceneViewState":{"m_AlwaysRefresh":false,"showFog":true,"showSkybox":false,"showFlares":true,"showImageEffects":true,"showParticleSystems":true,"showVisualEffectGraphs":true,"m_FxEnabled":true},"in2DMode":false,"pivot":{"x":0.16059255599975587,"y":0.04508209228515625,"z":0.07805117964744568},"rotation":{"x":0.26711753010749819,"y":0.7243773341178894,"z":0.37960267066955569,"w":-0.5097404718399048},"size":10.152585983276368,"orthographic":false}